id,dispersion
00261c81,1.750384384467241
004a8ee7,-0.26004314309396936
00738b9f,0.5019901471483853
008b8a54,0.8889975591845597
00b3d68a,1.3574258108939987
00b948a7,2.9999999346139994
00cebd4e,0.40401338198601405
00fc7fbd,-0.2674274490529966
010cd779,0.6097784073067756
0138ef99,1.6343364755658905
0163ccb2,-0.833701048770353
018b6d7d,2.9999999148890795
0193835f,2.9999999052034703
01b1e1a8,2.611257572981719
01dc2a68,0.47579673893736935
01e476b6,-0.310215976293516
021e7cf9,0.7921328717270055
023c1e0e,1.2815545473694763
02708e11,2.9999995280823817
029358d0,2.9999998596761865
02f6dd36,0.8614076187516815
02f78490,0.5205832853448725
02fd1abd,2.9999999463239426
03831ffd,-0.7218859148010295
03c4f8ec,1.7345164510544633
03e69a1b,2.9999998642524344
0434b8d8,2.999999913939483
04597318,1.4502279673325982
04bb4cfa,2.9999999191462914
05069d02,2.9999999201736616
0524fff5,2.3344864789877287
05493435,1.4450597793658577
0551da17,2.9999999250355622
0573b8e0,1.967131000696082
057926cd,2.999999921979962
0590dea4,0.5818347108666577
059b192f,1.280536314914125
05b97bd8,1.2289714030098287
060e08ab,2.999999916304892
062c6a5c,-0.46162927499521517
0653d193,-1.1925042462041548
06552b80,2.9999999341129087
06611360,1.282774773924516
0689b2af,0.25274971433993415
06dc25b1,0.8922963166214953
06e6a964,0.9151837107523161
06fdf2a3,2.9999999186508086
06fe4746,1.671919660541069
071e4f86,1.5449512199432152
07274afe,0.2182307125602332
074bd898,0.06862102048489914
0791bba4,0.3810517615726049
07945170,2.8261718144813903
07a37957,0.008873254548428314
07e64e4d,-0.38778571445442284
08267a91,0.9969204999928493
082f5159,1.8166642776879527
0830583a,-0.41742647514853026
0861a1c8,-0.3567189556257916
086a6643,0.5576770197484404
0882c78c,-0.16222788111436898
088a89aa,-0.15766988553055714
08a0a57b,-0.012581546710765489
09375852,2.999999917038075
0940adbb,-0.049027200674093975
0948e39d,0.1853458498348042
0971e6e5,0.4130456832459083
099050aa,-0.37366933616249204
099ace87,2.387201500092903
09a3cbff,2.080688004248697
09b0e256,0.7969542660805748
09b187b8,0.8000309967306684
09e410a6,-1.0596231553425175
09ed3b6e,2.999999931771578
0a3553d6,0.4362293025426477
0a419728,2.2445090784549215
0a60c4c8,2.999999932505995
0a72b4c7,2.8935156926651775
0a82fb2a,2.9999999170171128
0addf219,2.923916494643294
0aef30ea,2.6789087483730634
0b1f982e,0.5713438027521248
0b2514fb,2.9999999226966825
0b40911d,2.9999999135522017
0ba2aeff,-0.20362142649210063
0bb48c54,0.086019254017687
0bdc70de,0.1676754260702901
0bf739e1,2.290278249863938
0bff77c7,2.9999999285655115
0c48d0e2,1.59230606698836
0c725c37,0.45859124788150607
0c92b3de,2.371605840198116
0c9afdf8,-0.20816260587372018
0cab0623,1.8901268475395019
0cb0d129,0.2795633649120681
0ccf6ae6,-0.670478090836586
0d82f4f3,1.8779741789184061
0db03600,-0.2176576613515112
0e252784,-0.064676116668395
0e2d69a2,1.3766024558145535
0e685eb8,-0.9111971760375506
0e80ff77,2.9999999155248473
0e89d4bf,1.84834274643579
0e9106d5,0.8367175409982047
0ea803ad,1.9726122762153901
0ec11604,2.99999992969413
0ece0fe6,1.2506854282288282
0edc43a1,2.999999929912609
0edd264f,0.7451236214540744
0ef70a9e,2.9999999248807225
0eff44b8,0.5445610352485896
0f07a25a,2.99999992738556
0f3560a9,0.7032480859233965
0f429540,2.9999999297591273
0f6a699a,1.1044555428696232
0fb84480,0.0177182531274946
0fcd6162,0.9294422994438611
0fde48cb,-0.21978528302488068
0fe367ab,1.125089280889486
0fe59db8,-0.4906740345009686
0fe74db3,0.6548524494355165
0fef0395,2.9999999227666727
1026f73e,0.3301621576738897
1053d2dc,-0.618648908525894
105b9cfa,-1.26570885187317
106ad7a4,2.9999999099068098
1081ffc6,1.535757422988173
10aab6f9,1.8337410267489378
10abd317,2.999999719217214
10f2aaca,2.9999999252008083
10f60a2f,1.82272636459239
10ff21e7,2.999999905714699
11346018,2.9999999168512947
113d4bd0,0.001105083568471652
11490bdc,0.08302394566531063
114bdbd7,0.7878148603314226
1154330f,2.999999907439154
11715702,0.23537249680236033
117a9089,2.2190007308264286
1191b8eb,0.4237417801402684
1199f6cd,0.2801110408400066
121cd66e,2.999999907439154
123e25ba,2.9999999386663174
125ba05c,1.5508467106925692
12898d46,-0.16157588582194826
12afbd15,0.3356051212961819
12b99fbe,2.9999999219255447
12c62471,1.0325295187503933
12d68475,1.4028023993340981
12ddf37b,0.5736457740598813
12e44686,2.999999945926621
130a2ec3,2.2383371021020744
132e6297,-0.08917265631734203
135aa669,2.999999928295028
13698586,2.999999935195033
136dd722,1.0407681045184334
137bf589,1.238761039405341
1399ca6b,1.061710725107315
13c6c358,-0.9149564637548956
13f401ab,1.8543044729705718
13fc4f8d,2.999999918068705
14163190,2.9999999317729444
1443a68e,0.943874333617012
1499c5b2,2.9999999243108277
14ab0741,1.2871659281656196
14e7ab16,2.9999999323773885
15696d76,2.999999927351914
15764398,2.999999907439154
1581ccb9,0.9205726796240684
1589829f,1.860606170378947
15b03762,0.8606264352484895
15bb406c,2.2933377684808107
161c931b,2.9999999151587455
162e51e8,1.2170472060552537
16508fc9,1.8597972461110908
167158db,2.9999999178347454
16a375c1,1.382548861512669
16b105ce,-0.7064606126746553
16c6f027,2.999999923930819
16dbec58,0.29939813573060614
16fc7cf2,-0.32848039027218945
16feacf9,0.07268901820778947
170713bd,-0.12071273701826556
173e16c5,-1.30841451947714
17736ff9,2.999999934182234
178a3794,0.5733503007702374
179bce36,0.5018234541125873
17c6170e,2.9999999193393174
17c772e0,2.9999999304123026
17def92c,2.9999999238740496
17e475f9,0.26593586939788605
17ec3bdf,2.9999999295781543
1817e638,-0.9684136742416799
182524cb,-0.423587253894848
186013d1,2.9999999225883953
186a8dfc,-0.028552648752211775
1878fdf3,2.999999934812448
18905c3c,0.19326719626056155
18aad0e9,1.0424888098661815
18c71b29,1.9496292623979399
18ff47f7,2.9999999479051227
191cfad2,1.590502587748095
192a62ba,2.045434525972522
193d2dc0,0.11461818239993124
1951bfa6,-0.11329144895784014
1968bade,2.999999933761498
1998f533,-0.2649287055966668
19a279e6,2.9999999350842717
19a43308,2.999999907439154
19d58c0f,2.2143966502136867
19e74efc,-0.8637270352645847
1a2f8640,0.7261015306353219
1a4a03a6,2.9999999164522424
1a62bbf0,0.5028971599367794
1a982ebc,2.9999999075162114
1adfc9ad,2.999999908810582
1afdab5a,-0.028435622129458517
1b272f4f,2.9999999314457524
1b6bbf50,0.6158316882469469
1b886991,2.9999999227459226
1bcf8e80,0.686057590053096
1be62bfc,2.999999935191489
1becb5d1,2.999999916897383
1bedec77,0.003915505939300101
1c1dac43,2.999999916977905
1c20e671,2.196169294084119
1c520574,0.2534620018345885
1c80286e,0.6194131387948504
1d2f8999,-0.24481526594196615
1d906f43,2.999999935259478
1db20db4,2.9999999138850995
1e057ec7,2.0910457072723787
1e1516b3,2.7509366161907614
1e24a9d5,-0.3201964414188899
1e3c7bbf,0.18361574897635924
1e50e9d9,1.502750199958515
1e8a8ae5,-0.3350668093391504
1eb84816,0.04891248082411702
1ecfbdff,2.9999999246907927
1f48e0d2,-0.7401348340196504
1f680310,2.999999939673606
1f7a2221,0.8643776521652405
1f9283ee,1.690869366287385
1fe66e89,1.7604148464847091
20084738,2.9999999261563177
2032cbed,0.8912808198647528
204fa029,-0.2041238661803185
2054c7a6,1.7570533878519627
205e598b,-0.14704531785896166
20675cf3,1.133248463414409
206dc2de,1.3902126515812996
20816a54,1.755616015413221
208ffd3c,0.40761883596346893
2099df97,-0.5964346285800102
20da6a22,1.2314787658623114
20e0e6f7,1.171073449516264
20eb91f9,-0.5726685768033385
20fb8178,-1.132935631966388
21180015,2.999999141044591
2144808b,0.1436684610690029
214d970b,2.9999999285686068
215bb5a0,0.11283024483135348
2196ad91,2.9999999174934895
219c33bc,0.3007667800265256
21c9a4a2,1.205837698658873
21da8d0b,2.999999901769677
21e2a972,-1.725982455108775
21f0a1da,0.4750595208692154
226dfe78,-1.9877576691701102
22855fb7,-1.0637895990901856
229cd47b,0.6690547751681304
229db195,0.9921184484797477
22b79d44,2.544621544696128
22bd0369,2.088593035713018
22c068ad,1.211882910507064
22c3a58c,2.999999907439154
22c94365,1.2921553718435286
22f2aa5e,1.9236395822036159
2302029a,1.1321138075749337
231d0bf9,2.999999907656181
23473580,1.2139138456755407
2375f773,0.8212973872707194
237db955,1.6802293441905574
237f695e,-0.10343031425766651
23a7da69,-0.5008944909711577
23af944f,0.1431312180253128
23eaa355,-1.5846698253009652
2418336a,1.9901506650533394
242af199,1.8030695109297246
24473a59,2.3185279554536264
2466ed4b,1.6573991080639239
246fc683,1.3348968646944288
24951743,1.8779312476932526
24c25056,0.7246145552765455
24ca1e70,-0.3804458026138638
24e032a1,0.9467737431299333
25003a61,0.12689424849730715
250aa44c,0.39148316679304473
254eb47c,2.999999907439154
2577cf88,1.4428299561234157
2585506e,1.2422743727489969
259f6e47,2.9999999461829683
25a4877c,-0.20767234114254501
25adacb4,0.17874968934285212
25da595d,-0.4176799692919536
25e89bae,0.2638613135684491
25f0758c,0.633745477374325
26205312,1.7780174992067022
2675c40c,0.8854418696455592
2686024c,2.452426346501583
268800af,0.46514490734577163
268c9c61,2.3376375112908168
26a460bb,1.6506027611917697
26f1f7a5,0.8541444268132609
27339d92,0.13489588950046405
27401d31,0.23057028905167168
275f0ff4,1.0149047339901904
27658321,2.9999999203316787
278d22ee,1.0936978671793036
27b7ae3b,2.999999919502915
2819e4c2,1.8660444183328913
28571453,2.999999927877252
28cbc9d8,-0.008634036327957513
28dde504,2.999999917071913
28e9ab2f,2.9999999412222667
28f2cca0,0.31644226052993735
29332f3a,2.999999950024749
295dddd2,0.8927560507505287
296c2609,2.9999999320550046
299ba928,2.999999907439154
29be0b13,2.999999905670158
29db8ef5,2.99999991705358
29e28b8d,-0.12029386143540899
29f121be,2.3055452188306083
29f9ec02,1.9577294896969688
29fe0b43,-0.04163580593079821
2a134649,-0.07838468133733449
2a2184ba,0.5460680559196106
2a4e9f71,2.9999999057378672
2a5d1dfb,1.5079102634945973
2a9cb26b,1.6669930865252167
2a9fd65a,2.99999994906676
2aa63ebe,0.14685537880313163
2abed09c,1.0862427936059005
2ac92575,-0.02845753289291012
2af179ab,2.9999999142814042
2afbe786,-0.33813087367670125
2b0b4f42,1.275022590975346
2b2a9850,0.7154482760471248
2b33139c,1.9422609588507382
2b46367e,-1.525887188766487
2b5ed85c,1.8915369132734892
2b7cbaab,0.7654911486603958
2b941b64,2.999999929670635
2b950065,1.226766402578935
2b9e8549,0.018409320248479126
2ba6d997,0.7632701967815398
2bc598aa,2.6977032936122733
2be3ee8d,0.8735098811431907
2c117eb2,2.5194429158814833
2c12cb57,2.9999999292067425
2c331c45,1.6931061856198715
2c668b5b,-0.14849244795136168
2c8e2a94,0.33654087458454096
2cbce867,0.09387281471975997
2ccb1d8e,-0.4726291012433687
2d235b68,-0.786250836529038
2d3bb54a,2.999999930635778
2d4c40a3,0.12243006450225002
2d7e8250,-1.280764257109913
2da4e16c,2.9999999327217837
2dcbfaa7,2.999999940206695
2dd31485,0.8689294836885675
2df17672,1.8744966569694874
2e2bcec1,1.103311848757593
2e54750e,2.999999918320696
2e7c89d4,1.6408719528536795
2e8f4f94,1.607480652931781
2e94281b,0.04836879932425692
2eb64aec,2.999999917869918
2f3ad04a,1.9466591440737904
2f4d25a3,-0.22258376354425552
2f7420db,1.467257670000983
2f961f39,2.9999999122367886
2f9f08b9,0.47208966425271326
300a7c8c,0.7425093513335568
301292ae,-1.0033114129249
30281e7b,2.9999999126937533
3046ec93,0.13717728514763844
30771748,1.27866026983401
30a53a52,2.926273205672249
30c0bfb4,1.185709028336485
30f9bacc,2.9999999365438437
3102d583,0.17532869959206068
3133b27c,2.422485801449261
313bd0fb,1.8239785640847679
314c2512,2.8417359422511836
314fe833,2.9999999144630194
317edba9,-0.37775632323481695
31b57d7f,1.254549313688499
31e9fde1,0.7995711779692671
31f29a6e,1.6709843307618695
32107e03,0.7990522596726222
322822dd,1.705992168014126
3231a911,2.999999932794718
3245e91d,1.9336480534658675
328e3124,0.4660139575391022
328f2a25,2.8323423578976823
32bde8d6,0.5757110713520976
32ca1d3f,-0.738772714117087
32d86d30,-1.1615843424616308
32f8dfcc,1.860897654686286
32fa0fc7,-1.999999942794251
33087708,-1.4966679414784465
332ff90e,1.4423441299381095
333ab5fb,2.999999925452234
334d4012,2.9999999256181384
3387832a,1.139114800204755
33bd0fff,2.9999999362354535
33ea48ea,2.999999905685691
342be8a3,1.2376954127424544
34386a29,2.9999999204761214
345771e2,0.07269601397015008
348d12de,2.6781462435713252
34bfd02d,0.037773285685422965
34cb9021,1.1196906331552625
34f2a911,-0.7933600054530445
3509fa16,2.9999999346712363
35282d04,2.999999937147162
3532132d,1.9616263063131627
357dba1a,0.674059801184575
35951bd5,0.6602734601520444
35a7d926,-0.20803128147534278
35d02ccf,0.10486399001846934
35e2ee3c,2.9999999364491416
3621e10b,2.9999999337381147
36222c2a,2.6251178880992523
365614e2,2.9999999342147685
366f119a,0.738768528685121
368439f8,0.1045489762876945
368d2e78,2.9999999181381076
369f5e77,2.3068778775312877
36bd3c80,2.999999918845186
3730ff80,1.1862364223175275
3745da62,1.491696142214579
3767b895,1.0212573206738147
3784b5ef,2.9999999084785367
378f195a,1.0873568718925137
37947ed5,0.6876058951896803
37ad7bad,2.0478795392160154
38033154,2.9999999245172138
384084e1,-0.7573506353159292
3844d645,2.9999999478639383
3856a64a,2.999999923864032
385fb1ca,-0.18386496662162893
388702fd,0.9811406564176154
388d9cd0,2.999999918629254
38904d87,2.999999949526553
38b499a8,2.623046755646902
38c1bc4a,2.4769053836475896
38d295e3,1.5768965638876868
38eb909b,-0.3385565142868069
38f0f714,1.4768273675797425
39137679,2.9999999147690124
3921b48a,2.772937926440962
3929faac,1.9153788825422824
394ff6e7,1.183624861955251
39549168,1.5155016036173454
3976f39f,1.3082185540091282
39c15b63,0.5643326284570175
39c2d2ce,2.9999999191581983
39c91545,2.618512971313511
39f0a0b8,2.9998205619530114
39fbd7b6,0.5561328621940236
3a063ab8,0.8925387938924056
3a1933db,2.999999920878173
3a5c04c1,2.9999999417407865
3a64581f,0.6716156062581442
3a6ec632,0.7066548120242125
3a96c7f9,0.3817763492478654
3ab4a50e,0.7666715537533798
3abceb28,-0.7574520704216703
3b33f823,-0.17017196378896485
3b7e811f,0.19441166510293076
3b8680d4,0.9911979842456026
3b9e6ef6,0.7222318152999552
3bacac05,2.9999945355328697
3bd27224,0.27992276904755864
3bdb59ec,2.9999999173316905
3be99b1f,1.5154706144664387
3c1b0b20,2.9999999162720123
3c55b916,1.4706767609575568
3c6cfec9,2.3035087647569448
3c845f06,1.4093749736568593
3c9e612f,2.999999904684094
3cb69df5,1.5934116182037128
3cbfb63d,0.5634425981597285
3cc1681c,2.9999999464345346
3cea2123,0.6907614507908787
3ceb44cd,1.1498402617017338
3cf3aaef,0.23956814555763103
3d03022b,1.3055038012502094
3d0b4c0d,-1.151626715089518
3d31c0d8,2.9999999256222427
3d74f7c2,2.99999991477149
3d7ddc0a,0.8537945482768428
3d7e69ef,2.33228545041888
3d8e2602,0.8530807289138138
3d9d98a3,2.999999907439154
3dac44f5,-1.999999942794251
3dd3ff3a,-0.5741133535515328
3deba3e4,1.3728062269042685
3dfb03e0,-0.4175076122592365
3e28acd3,2.999999905866424
3e443eb5,0.9119095938915166
3e4c7093,2.9999999224084406
3e5c41b4,2.351719869552099
3e6e1264,0.9690795262392846
3e8d7420,-1.4880691018350864
3e9613af,1.0060944403301209
3e9d64a1,-0.44813440299104573
3ea4d15c,2.247866298394011
3eac9f7a,1.3387898632068085
3f865482,-0.09275186070354483
3f97ad20,2.9999999357468976
3fac7853,2.9093102901952452
3fbf51fa,2.999999927141127
3feac6e4,2.999999917826319
40030387,2.999999916612023
400a284f,2.4058064674201978
4074f66e,2.628051252529197
407cb848,-0.1411706896224179
4087302e,0.4014487962829827
40a40b7f,-0.09957459365048206
40ae9552,0.0216159370742505
40f9d247,-0.014079326049645065
411b0a8c,1.368012831884343
41224d53,2.0500077583655454
414b98e7,2.9999999079559494
4164b143,0.268107556521801
41666148,-1.3616525993120345
416cff65,1.004068260573105
41b69c59,1.4445353245022774
41bed27f,-0.36219653314671224
41c84278,1.146128038624596
41e9956a,1.5628735050008133
422bc3fb,1.8183968982710887
4230a474,-0.23647754845499677
42848525,-0.8303242892479954
429fe2aa,-0.6017380506169668
42ad1c11,0.45639636082179547
42bd805d,1.4233819734142954
42cb2c12,-0.13009375929661113
42db8c16,2.9999999338520245
42f1a0c7,0.85066886772657
43094625,2.9999998741070755
4319e621,1.4123388280847973
433b84d6,2.999999903384627
43853baa,-0.42213757098417914
438efc21,0.6939503882153322
438fa587,-1.590982941796422
43db6b3f,0.5687469843858453
440107da,2.9999999111032913
44412007,2.999999907439154
445640cf,0.5796902079602656
4464823c,2.9999999082267133
44742238,-0.5819003977613488
448754fd,2.999999907439154
44b6af26,1.0760709731516096
44d32ac0,2.9999999247050315
44e33838,0.4028216003185777
44e8ffb3,-1.3021492166004387
44f51a93,-0.3252427339908356
451140f7,0.8180965631208453
4521520f,1.5476873136981333
454607e2,1.0992711721676465
4557fe40,2.9999999137432374
455d606d,0.14613322564757217
4574c511,0.6371329639672827
459c64de,0.4778329725244764
45a6e80b,2.999999908517791
45b6480f,2.999999914888685
45c36ded,1.3682499479289323
46013b7c,0.6309707657586485
4648e48e,2.999999917350019
46a58661,-0.6282098817855085
46acada9,2.4897635451089717
46d1c66d,0.013257853013831193
46d31666,-0.9294377290569656
46f0117f,-0.38042416779046906
46f17491,1.968087922588806
47117c51,2.9999999251419323
4713ac5a,0.9380017308861501
47193277,0.7905162416901171
472bf084,2.9999999424258927
4767ec56,2.999999936313401
4780f910,1.4919057380392517
47866651,-0.25687889406264275
47c3514b,-0.15072706319310564
47f9dd9e,1.8921201882249186
480a4e5f,-0.342506329025421
485fd941,2.9999999168683353
48655594,0.24189357112088208
487dbbb6,2.5406773291416314
487e0e53,-1.1443371737062016
488e7df6,0.7758519142336344
48951a79,2.999999917429948
48a7d88a,-0.2752814558183554
48d02d63,0.7250696472737389
48dbeae8,2.999999922930157
48e2ef90,-0.015698118987248474
49124754,-0.34619007817029435
49131ef2,1.0407886727959186
491980df,2.999999917953693
492085a7,-0.813812554782775
492a1b8a,1.0320489734568659
49317c05,1.9486424777176268
494c17c1,-0.13446270389939924
497dec1a,2.9999999189428213
49912339,2.6782886119747342
499e3adb,2.9999999267612245
49a73fa3,2.523326410451006
4a2d97c1,2.9999999419800267
4a322e27,-0.41690507233448215
4a38b00a,0.9584321963343647
4a9d54b1,1.4558328320410643
4ada8fe8,2.9999999169823406
4aebc4b6,-0.6616039056010746
4b000bfd,2.9999999163745303
4b0aa998,2.999999926297267
4b0bcc76,0.7374889879077448
4b18e5df,0.8057626047375792
4b29ae81,-0.48825825576136594
4b8c7672,1.8809193422301862
4bca420b,1.060932232133207
4bd226e7,0.37007279045330566
4be8aa32,1.2227828150357607
4bfb839b,-0.19346671008126698
4c0f0471,2.643830137949145
4c10a420,1.4104073693563846
4c32fa9f,2.9999999154399672
4c5f0d17,-1.999999959207472
4c66086f,2.999999916201418
4c6dcfe4,0.274470195755091
4c7521c6,1.4763611269501191
4c856e2b,0.056746077046639795
4c964782,0.8810162309654587
4c9d8009,2.3314641368677145
4cc2893a,0.03698421224996332
4cd8c99f,2.9999999259093197
4ce1b26b,2.9999999476934067
4d00e30d,1.0765561337461407
4d3118d6,2.9999999336520005
4d542db5,-0.004011542339008008
4d5fea3e,2.9999999323919004
4d6566eb,2.9999999162098683
4d7d88c9,2.9999999366907932
4db74bf1,0.46087447863823455
4dd2ce17,2.9999999139747544
4df090a8,0.4385315209712759
4e102803,0.19403726777602634
4e302a7a,-1.053270781151126
4e3ab457,2.9999999132766226
4e4d41be,-0.47562432627798085
4e972282,2.999999938821069
4e9dbcaf,1.0684482396206216
4ed21598,1.2960115831796575
4ef3fec2,0.5697110911337464
4f321d58,2.99999992087339
4f678a46,2.999999925126926
4f8f2b89,0.7527747566568789
4fa95dae,0.4875846600422085
4fca1c93,-0.7523084056175824
4ff2404d,-0.40438838164618185
4ff8de60,2.999999927602243
4h8hg8sd,-0.5706811940136143
5002b19e,2.9999999141075104
50097615,0.10529382516672127
502995d7,2.9060207413443404
502a4d44,1.1862390702017807
503bb4e6,0.6383427691936172
50404063,2.3117249621884564
50407c48,2.999999950053365
504c410f,0.3176998839110803
5066dd5b,-0.4715271342338944
50850b9a,2.999999760378599
50a75525,2.9999999144615543
50a7f84e,0.3466881840800577
50bc0ee2,1.6690494571081271
50d31529,0.24419386026390857
51117f1e,0.13346762100152773
5144e800,1.539850848005822
51653f12,2.117289881047383
51668af7,0.26076194853765455
517e64d5,2.99999992931692
518e2b38,1.6769976624677336
51954cb7,0.8756675455211808
51bce9cb,2.9999999311937504
51c0dba9,1.0346428803628838
51cb1c22,-1.2008774697195213
51f9ded1,-0.05689677167207434
5203d49e,2.9999999168604456
521198d9,1.5681200517670217
521b3abc,0.8730164691733797
52329fc0,0.7102191411813285
52d1f984,0.18700179223280347
52e1eb7c,1.0512901021576366
52f39b73,2.177228179473007
530b7d91,1.30878600814109
531393b3,-0.6830411035497375
5322d8ed,0.5976610193149731
5323814b,1.751367935952145
538665f0,1.0207071091053768
53c1bea9,2.9999999163513857
53f0f5f7,-1.1302136989789004
540cb4af,0.528419788527404
541bd24c,0.6736933020505247
542a2997,0.6316458928715892
5444db7f,2.9999999247026867
544f1cf4,0.5722365752097034
5466b988,0.991269073242501
54ac7ab0,2.9999999175724317
54eba1e9,-0.8643382848193526
550b9561,0.3193874476982465
556e1087,2.405276915080317
5576fea5,0.7134553299632217
557c5cc0,0.2732325340464661
557d392e,0.4702178842396716
558d76c3,2.999999909138046
559e5f6a,2.99999991843413
55d9b87b,2.999999929038204
55fa832a,2.1513164430864533
56292c19,1.6987055983428738
565d6c15,2.9999999135217488
567cbb07,0.3940431865130684
56941ac8,-0.1356511055054992
56a6d83b,-1.6135717476797649
56ad1fb0,0.2890152657370908
56b26cef,1.2697496980329956
56d12dd2,-0.011038482559620954
56e3ef21,2.999999906848875
56e5a5cf,2.115934592104709
56f888ae,2.9999999460037903
57218516,2.9999999390233443
57396b34,0.9675232164525823
5764b20c,0.16079751825278746
57868dee,1.613045847341573
57bed130,0.2755384352471555
57d1cafb,2.9999999149705014
57e8cf83,2.9999999026053286
58394039,2.9999999288185557
584d42f1,-1.3550776162984919
5877ce24,2.0405986212853158
587d5009,-0.5367191679745177
587f8002,0.2164318343681077
5886e427,2.999999915985382
588781c9,2.9999999497541827
58adad18,1.1647066001042452
58d0c6dc,0.49643757262367083
58d37339,0.14464589243923676
58da58f1,2.99999991739603
58f2a42b,2.2093353913940628
59448e10,0.24180857472862494
595d05dc,2.9999999176253818
596fc72f,1.7370525098548122
5997c6e4,0.8654387198974329
599c016f,2.9999999301728475
59b5a413,2.9999999311054317
59e2e306,1.3290778963575822
5a127764,1.625269219260113
5a46b9dc,0.6802139189711052
5a7d6caf,0.41168940864548403
5a9494c6,-1.2178565835857948
5a95cd60,2.9999999373488784
5a9e0aeb,-1.6408881203277728
5ac05a7e,1.055362001291748
5aea76af,-1.3339347517277393
5b023049,1.5170898324964055
5b2b9535,-0.5662458324640226
5b56fef1,-1.6778352214104122
5b57a757,0.20068677462101053
5b84d3eb,0.6922853266170164
5bb62d50,2.999999918374445
5bd01d53,1.1369201390872739
5bea9186,2.9999998914324975
5c281341,2.9999999172794327
5c2c41e5,2.9999431515949495
5c3a634e,0.11311822814325362
5c4ccf01,-0.17824173867149368
5c4cf349,-0.7474846275283967
5c4dd6e0,1.8705901509258513
5c5d36a3,2.9999999386865532
5c6ff450,2.9999999443456087
5c7f5454,-0.8954580934662155
5c87559f,-0.6741451434768795
5cbdd94a,2.999999926001272
5cd85cac,0.3628540876583102
5cdbe949,2.9999999103068045
5d1a369b,0.2820245593388285
5d4d718e,2.999999938925784
5d7fb37d,1.357794920098808
5d87b2b6,2.999999927648823
5dee2bd2,1.0340995361917313
5df3cef2,-0.3407592440036241
5e020336,0.3223247661803419
5e30c1c5,1.832636950330603
5e6affbc,0.2408300703999242
5e7cdd17,1.092105672635216
5eaf95e3,0.9429694134870472
5ed3a781,-0.46053983942523546
5ed8600a,-0.8668835015081313
5eeaa2f9,1.1120514199106797
5ef21de5,2.999999942529377
5efa02fd,2.9999999163730253
5f12441b,0.1206828655340695
5f6761f9,-0.042142868254527156
5fb79ce8,2.999999916811454
5fbeb720,2.9999999221237075
5fc06901,1.424160899201692
5fcaf72c,2.999999919184096
5fea45d0,2.9999999186438493
5feb203e,2.9999999040030403
602d583e,1.0973826395447228
60c5f9f1,2.999999915613978
60ff7524,2.999999918120532
6115e3c9,2.9999999207912635
611f7de4,1.9298428880291267
612ce6b1,0.32125133306684694
613d1f13,0.30252829653135455
61518d75,-1.3408061709501322
61f7dc2b,0.6551714979517569
620dd664,2.999999916684485
623f1497,-0.7070625058976084
6248e17e,1.061136001210439
6262cdaf,1.4485906430083348
627a238d,2.9999999265951276
628a6c60,0.339645551721068
629137a7,2.9999999321708417
62928242,1.1168940058577956
6296f708,2.9999999175224055
62a3c91c,2.9999999239197344
62d7b558,-0.8026773914587068
62e577ab,2.9999999132037565
63480657,1.4729659018313996
63728a82,1.1132898014814503
638a8b49,0.05196182553437613
63b849ba,2.6642083315961043
63cfbc53,2.999999920634307
63fd7ea0,-0.9689746479301318
641f4e9b,1.7100086386691964
6425c24e,2.9999999178495504
644ad985,2.9999999174036267
646b0e97,2.999999941994655
6490bab9,1.6376823521909725
64a2784a,0.12476215822947392
64d58da3,2.999999915082375
64e74f50,0.46465191281342033
650f09b6,1.9093737278836826
651be6f8,0.08865373766290649
652d6b41,-0.7255761350448532
6552d08e,-1.11041000236869
6560127d,0.9787949614696004
6588b3b2,2.999999945551164
65b0ef6c,0.6973430661547447
65ce0d05,-0.7058359262806468
65e7a879,2.999999908153467
661c4b15,-0.5689526419832555
663c496c,-0.3357660290950514
66483528,-0.6118545539811564
6650db0a,0.33141408227316393
6672b9fd,2.9999999356084808
669a1832,2.9999999178588426
66da3fef,2.999999907439154
66ff9dd4,2.999999939125084
67154fb5,2.999999907439154
673df7e3,1.6948293806262493
67409c27,1.3511861752697032
67587205,2.999999908528122
6762fed0,1.2497852816115544
678a5f1f,-0.5283648484837103
6792b13d,0.1769617981820844
67efdaf9,2.3637710504038187
67f59a5c,2.691641569795927
6816d715,2.9999999141761724
682415e6,0.29522103467137917
6834b5e2,1.2496716646784158
68818666,-0.2279069120938142
689aaa9a,0.13682859122559482
68a3afe2,2.9999999213176163
68dc142d,1.6267976143015355
693452cb,2.9999999226689176
6961c5d5,0.7179688490968561
69dcf304,1.375041081258426
69e67fd1,2.999999901307681
6a049bbc,-1.0852225373098503
6a4b328b,-1.451887924399984
6a9381bc,1.5228905734263793
6a9bcf9a,2.9999999149161596
6ab1e34b,1.6384231133891742
6ac4c6a9,2.9999999495135325
6ae6a45e,2.874756024213
6b24ce69,1.0774890205281908
6b277b8c,1.2718230863863573
6b2e5044,2.9999999253504135
6b51eb8b,2.999999917412421
6b6b675e,1.155475470808663
6b83c691,0.024949261005234053
6b8958bc,0.11332014646406416
6bd48184,2.1238932628937444
6bf43378,-0.39275361978379386
6bf6e373,0.2465189523810592
6c06a347,2.999999931998579
6c1f288b,0.7756681601802484
6c3461b4,1.861354477939767
6c3c2f92,0.7547936811645166
6c3eff99,1.1576805676772204
6c43945d,2.9999999169612934
6c5dccdb,1.7071132477609592
6c78412e,2.9999999413836274
6cee0288,2.631627923277884
6d242699,0.08691508016986754
6d2c68bf,0.10503749006543231
6d5b9d56,2.999999917959777
6d65b74d,1.63391884276971
6d81fe6a,2.9999999156786763
6ddc2752,0.8665976161732986
6ddd42bc,0.3646696276178613
6df60b83,2.9504682026739997
6dfc95ae,0.9969785040960376
6e0c01cc,-0.7059158971614592
6e1a2367,2.9999999353628426
6e42f15d,2.960971895783413
6e5996d2,2.999960336340192
6e7a91cb,2.1510721969979243
6e8bbbc8,2.999999935579161
6e9b1bcc,2.9999999267157356
6ecaea01,2.9999999373740223
6eee3e2e,0.8830522254546377
6f2c5419,1.9105598597177194
6f49d1ff,2.999999923552559
6f7b130c,1.8672622887776504
6f9bfce5,2.513632520638907
6faa073e,2.999999915746693
6fb1d034,-0.4701764386643011
6fd84950,0.08989012905588253
6ff76e83,1.2096896675510416
6ffe7903,2.999999918410998
6ka7j29d,0.16196671749328506
700c6493,0.9280522265636146
701da179,0.09376090412486149
701e9851,-0.24398628881791348
702f638a,2.999999924850237
70340405,2.9999999168453817
707af494,2.9999999345902957
709b7e93,-0.8057338332380646
70c7c245,0.5559214943336851
70edee94,2.9999999178606793
70fd4e90,-0.8281973262770818
710621df,0.8628979531401396
710de654,2.999999921406514
711abab7,1.0921442563802877
71244328,0.6924567572043921
712f84a3,2.9999999154250947
713f24a7,2.999999935483527
71521b16,2.999999907439154
71819bdb,0.3326070790939235
71b89ea3,0.4952344998367345
71dcf266,0.4379808951835798
71ed09bd,0.11124763616946101
71fd029a,1.4917476353206423
724294ec,1.172793215553619
724adaca,1.5984074518559286
7269ddd3,1.0257432900517314
7270561f,1.0367609907237127
729269fd,-1.999999942794251
7298f7d0,-1.0575536951354074
72cfb0c5,0.39395823066537183
731faafd,0.1311858758070064
735003ca,-0.32276240680306795
7352d3c1,-0.5586828659370824
7380fedb,1.6037120768725466
7388b0fd,2.9999999451071324
73aad20a,2.109163382605223
73abb7e4,2.99999991393888
73dff7e8,1.469353766787997
73f4c613,2.9999999081315605
73f70b32,2.999999927270873
73fd951f,0.8084386773960559
743759fe,0.4896622735975205
743f17d8,-0.06527087214946968
7440ac17,0.44409919402432735
749acf2b,1.5572171267386177
74c673fd,1.2097983045845129
74c71613,2.999999914408819
74e7a4ef,-1.1920543447408594
750419ca,2.999999928133701
751d9206,2.7192335545600046
7525ced8,0.642642130477538
75271ed3,-0.8874259524185971
752f50f5,0.25520240962338697
7547ac7f,1.1974166356371996
75518ed4,1.0892530832068765
7558a51c,2.999999937003439
7563706f,2.999999936720509
756635d8,2.1991064139423466
75c7f13a,0.6792679780238263
75d7513e,-0.16521151582403013
75f533c9,-0.22118103815306409
762e2ccf,1.8463349472494703
76376558,0.5499982364578528
7652e0be,1.7559760188673643
7660224d,2.0673628112795983
766be5c6,-0.32052704031416485
7670136a,1.661249085249588
7680cda4,1.6759917837515779
76aae175,0.3807354011981114
76d55aba,0.9892338928953289
76e54842,2.9999999181213517
76ec5fc2,0.6654993205379048
770662fe,1.427689379753305
772e35f5,0.2960800338719587
7742a793,0.7115544690470738
7759c01c,2.9999999272469084
7761a08a,0.2777951233083549
77706560,-0.42752735860089447
77802a8d,2.9999999291890593
77aa065c,2.999999935272668
78262e52,1.101342585887735
7837d7f0,1.0021811522164605
783d49dd,0.5148633113822071
783ec070,1.524092854211467
784c2375,0.9512386220921561
78716947,2.999999918056059
78e4573d,1.4223834660807853
78eced6a,1.1270427817922122
792e875d,2.9999998548116094
7936697f,0.6868376864996469
7963baed,2.9999999063334357
7988d603,0.10243969195203637
79c62692,1.6791363021176062
79e44465,1.6272802322736748
7a3c2cdd,0.25090570353463126
7a486cd1,1.887891895422466
7a533716,1.2040529983680797
7a69bbc3,0.08774404001530205
7aa378fb,2.9999999140788303
7ad48d12,2.9999999201825824
7ae64fe1,-1.1418917751346587
7b16e725,-0.03891069395373066
7b2425d6,-1.507152019128444
7b53d03f,0.8328191190422568
7b6112cc,2.9999999391019623
7b6a424f,2.999999939850574
7b79fcee,0.47018914700360676
7b81fd25,0.048050631882823755
7b89b303,1.3954146725546293
7b8a06e6,0.2818188252525744
7b915d21,2.1238823049565907
7bb33fd6,-0.18087124663855209
7bb8f85d,0.14041478426242557
7bde78db,1.443430779649706
7bfe46ea,-0.6091058264202353
7c0cd6d5,2.787053821285946
7c1438f7,1.5865182972518386
7c7b233c,0.16038255721719374
7c9382f3,-0.604419893426307
7cabde2d,2.9999999143124354
7cb255e1,2.9999999452873185
7cec393c,0.15627674543860703
7cfc9938,1.2175653298047597
7d047fda,1.9114596918599316
7d3ef30f,1.5738898776131047
7d51e8c4,0.515759795518002
7d703fd6,2.9999999314952324
7d8b8bf8,-0.45580545813724627
7db9490b,0.9688073805989998
7dc8ca27,1.9063185162218144
7dcebce2,1.237437799500294
7dcfa7e3,1.0917384185748726
7e26c6a2,2.9999999359557146
7e40f6a1,-0.09481766451212895
7e434344,1.1752685090668658
7e5bad66,0.8889291644178628
7eef8c37,0.9385781511479269
7ef4ebb8,-0.7956664520408006
7f077a54,0.15099251272042247
7f36818f,2.999999863022851
7f4bea4b,2.015442127863142
7f508dc4,2.9999999360886407
7f530469,1.8900112797985653
7f812973,1.4100959158962159
7fdda9ed,1.868645674873978
7fe4ac95,2.999999909659867
800260e0,1.7897872880937615
802a9c3a,2.3930095504129225
8065350d,2.197738527953774
8085dae4,2.999999940150201
80bf5631,2.9999999216632296
80f8b120,1.579586204649383
815710d7,2.9999999205540635
81757220,1.8571155849127716
817eb5ab,1.5094444250968602
81959dc9,2.9999999222529268
81bfb118,-0.24995623612223175
81c00ad7,0.43170465324220614
81ca94fa,0.40155047740622046
81e8f60d,0.27581638273673004
81eb2e9e,2.9999999065189313
81f90faf,-0.014581235439817188
8208c26b,2.999999916289828
823a0098,2.9999999290035935
8244deb9,1.1201572474500663
824df571,2.999999933279981
8297964d,0.37138545410050267
82a3cbff,2.5349475547632396
82d83f7a,-0.47160710113591403
82daef71,-0.7656674760013065
82e063a4,-1.44226283280605
83220993,-0.9632745755932239
832a47b5,0.017032117893214
8355fc7a,1.39194806360209
83673e89,-0.9214064234873752
83d2467e,0.4407748923911169
83d32390,2.999999901465155
83f86aaf,2.999999917974665
83fc0fa9,1.6384069639591197
84383863,0.5440109816833438
844783ac,0.022363718858783646
844fcd8a,1.4093085228208466
8495aeb6,1.6043890932524523
849de090,2.999999914623694
84bf8267,2.9999999295614863
84d75779,2.4195484001698615
84e25b5f,0.7115982606978521
84f02b50,1.8469132138529856
85203168,2.362154318374735
85291aa0,1.6749348175301488
8557c481,0.89750642655962
855f8aa7,-0.11196683565106545
85650672,-0.3529948108936041
856f985f,2.9999999345450914
858da7bd,-0.027082567087381885
85afc54a,0.32654479913152223
85bf654e,1.7876976131843934
85c20e8a,2.9999999187555986
85c890a7,1.0527924942675566
85ce0fe6,1.1332449160169056
85fa5254,2.9999999315540213
8618b639,2.9999999059075955
8694cbb6,1.4090828387784835
86d27501,2.311992697966116
86e9a072,0.0594862113315707
86f859d0,2.9999999134484443
871934fe,-0.9367242247232559
87215468,2.9999999399848516
87352a05,0.9051093850317782
876fa4f9,2.9999999396313233
87d29228,1.30087307366484
87e81efd,1.7713457377481894
87f8bef9,2.9999999321206
88465404,2.9999999393346553
885eba26,0.7230761539178066
8894791e,2.9999999353684266
89091a1a,0.056377349033989846
891c7f76,1.3198390196434409
894efd0b,1.1454663896996493
89561329,2.9999999191529567
899cd011,1.44507457300477
89beb2e6,2.9999999274409954
89fbfb70,2.999999907439154
8a2ba362,1.7186804499560882
8a39d36d,1.529479450520678
8a44b8a9,2.999999718312549
8a4668a2,-0.3458527735683273
8a640a55,2.999999907408125
8a9445b8,0.9627403429656971
8a9edb95,0.10816345038046596
8aac1966,-0.48348964790455273
8b1986b8,2.9999999248687126
8b2b444b,0.24068380662183908
8b562f8f,0.5756238130699323
8b5cb1a2,-0.7043012592271052
8b840295,2.999999900798801
8b86d29e,0.290614033276598
8bb4106d,-0.3908300829153429
8bc06c29,2.999999934287227
8be9c955,0.10889477506320612
8bfbb95a,1.3221614884276731
8c03b748,-1.1615566056787678
8c3175bb,-0.10652513057075873
8c468052,1.4117433156753378
8c4ece74,-0.9783831993415361
8c6cac83,2.999998750113285
8c7843cd,1.332060032725916
8c840d4c,-0.3243986391077749
8c9ce36e,2.645367594315066
8ca66fbb,-1.46440866015175
8ce188aa,2.9999999244097917
8d23e29d,2.99999991768587
8d297cb0,2.732957927287036
8d5e8959,1.6654258470156575
8d7cebae,2.999999933321436
8db62896,2.9999999112102276
8df1cf87,0.04715383123098018
8df31f8c,-1.3217098159522427
8e233912,1.418933669727377
8ef11408,1.4195187897828203
8f111cc8,0.5807176515234969
8f2b901d,1.0945050165970072
8f337e3f,2.999999935236249
8f8c98e5,2.9999999286204466
8faefa12,1.6615401011291855
8ff9bd07,1.3247318032176174
90122b5b,2.999999934794023
904d2268,1.7792746078683386
9055cc4a,1.414347387112236
9087e150,0.7846685558125738
908923ae,2.9999999123738434
909f0f72,2.9999996692876882
90d98d8d,-1.0386796236356157
91458b67,1.0775498790055076
915d6545,2.9999998153165524
9167e990,1.2743834567745165
921a59db,2.8167909515172975
92383b2c,-0.703505995069363
924780e3,-0.688470180615059
92754210,0.23202739033363753
929de3df,1.2621661453024484
92af212c,2.99999993133286
92db5d68,2.9999999334898706
92e0881b,2.9999999392882524
92ea1636,2.9999999438507925
930a1ef6,2.0712432783271253
9322e22c,1.8193710774764007
93309223,1.2827310593131165
935d59e3,2.9999999256154317
935f89e8,-0.20307050030075968
937f3b14,0.9702758835102323
9385ead4,-0.2648044206703955
938f74f9,-1.999999942794251
93b72827,-0.2493917112609887
93c0ddce,2.9999999163812263
93f21f3d,0.4634302732091352
94226f4f,1.8645735103984729
94324df1,0.6359578062397352
9438d3dc,2.868644784927351
9467daef,2.999999930413079
949fdb24,0.42049725906614566
94ad19d7,2.9999999172563445
94daec3e,0.9640636090722878
94e82ecd,0.3670397697962708
94eafec6,0.07360991913781975
94f5cbed,1.5359373028602692
95188609,2.9919090099921077
952a44fa,-0.8350935235719924
9537a1da,0.822926894034239
95572f3e,-0.12395196847507757
955db113,-0.0349204600527677
95779dc2,0.271610814938952
9587d22f,1.0629850326049763
958f9c09,-4.082204473116341e-5
959f3c0d,1.3813923951587381
95b69971,1.4019304111973583
96284f7e,0.8567836329512603
9630a15c,-0.874463002323935
9697a9a4,2.9999999182959165
96a5fa74,1.4702391191814534
96b375b4,-0.16860569609915188
96b5cb53,2.999999920918703
96e28c46,0.46923084024889783
971a6aa4,1.198194759021955
9720e671,1.2595515469751912
97380853,1.3011742803748796
9755c393,2.999999918094728
9786b72f,0.3308974905708867
97c847be,-0.6198445011558747
97ea2549,0.7960866562737953
9831be23,2.2353379659676644
984c2196,2.999999929791085
985c8192,1.2895960152086492
986584ea,2.9999999129844155
986e4361,2.915460958612228
987e7246,2.093832317959233
988eac88,2.951677168692723
98a48059,0.4008785870279388
98d1a5bb,-0.3131861863052096
98db3b96,1.613703332791274
98e23eee,-1.4837536884421703
98f3c74c,0.7178717415515254
9913cf8c,0.416554101473867
991951a1,2.9999999058898523
992054d9,-0.9278301564378382
9931ad7b,0.6738377962024006
994cc6bf,2.4035562636890226
9957a130,2.9999999181228443
995c66bb,-1.194292074009782
997d3d64,-0.0824585574508371
998e4ba1,1.7126693774632336
999eeba5,2.9999999398769193
99a46770,2.999999941241016
99e38061,-0.28616258108236614
9a01640c,0.7649227788091845
9a3176f4,-0.5386773600621918
9a3938d2,0.4546271779732019
9a4ecd3b,1.7135264449974712
9a94ae07,2.235280976713904
9a9d85cf,2.1450940726329515
9ac812d1,1.6472090685820038
9ac9773f,0.9917494054847882
9aeb15c8,-0.2629494820908192
9b13f32a,2.9999999307853074
9b2131d9,2.9999999281558516
9b297fff,0.5547549327430586
9b56c430,1.1221009022841948
9b5feff8,-0.33850367671506393
9bb8fabe,1.572254950077216
9bc1de30,-0.5404939761146164
9bc30e3b,0.6308293425324848
9bd93012,0.45642345220568864
9c297026,1.1633169033180215
9c322be1,0.7000862327063222
9c3b0029,1.0351022563191112
9c44bbe6,0.6011713376131578
9c4cf5c0,2.999999918716246
9c67bcff,0.7463132266450139
9c7e3733,0.9906997041486556
9c9696fc,-1.1122255843305773
9cac1a29,-1.1980084294963587
9cd93fcb,2.9999999233784935
9d54fccb,0.15941704489151354
9d5cb2ed,-0.5121397692514223
9da4b326,2.9999999257157897
9da5d6c8,2.9999999161368436
9dc978e6,-1.5474486250989283
9deb1a11,0.9881384575964548
9df041d6,2.999999946956392
9e0205bf,0.9826781251665261
9e10f97d,1.6104760971266407
9e2102a6,1.648317764571412
9e30fb04,-1.0447011544644593
9e31a2a2,-1.1764548344689099
9e3a6529,2.9999999477677837
9ec9a369,0.5551032894570057
9ee38fb8,2.999999937425022
9ef32fbc,1.665174533796406
9f038778,2.9999999314974692
9f21e58f,-0.7617088462179186
9f31458b,2.9999999186240647
9f5c7a3a,2.4699602494593305
9f8ffaf7,0.5702509433213898
9fb6ff8f,1.3393152346953163
9fd2934a,-1.1817595399801437
9fe36891,1.7274455801077295
a01e492f,1.714766102561531
a02c3b59,0.6098684989186586
a02fb2f4,2.9999999408925206
a038d417,2.8354050677327933
a038e83c,2.2500625269887378
a0432092,2.999999935403035
a0591ebb,-1.0238301988192025
a071e261,-0.836220237223742
a0a95156,-0.18713232949489533
a0ab815d,-0.7977348738663991
a0dc74b4,0.8687639722374122
a0fd9fee,2.999999941077868
a106f0a1,0.45513434319380097
a11480ae,0.74365455431520755
a13c7c74,2.94378147318431
a1495996,2.999999924492882
a1b84fdd,2.9999999198594276
a1b9167b,0.5391645794330261
a1c47dbf,2.2068725733106223
a1edd8c3,1.1613663916608377
a1f6bf4c,2.9999999173620484
a22449d9,1.3341083739886983
a24a0bb4,2.5024160858359483
a2516c3b,0.41731658437236396
a263aec8,0.5637571705052467
a2686943,0.31350821631734604
a2690cad,1.4692679670610658
a27b40ea,1.2103544927824308
a293e125,0.23268180203382904
a29826ae,0.3098691507111433
a2b183d2,2.9999999018466705
a2efd347,2.999999918551657
a350d2b4,-0.37635545697325723
a3b92add,2.157311878516574
a3fe60c4,2.9999999289898707
a3fef184,1.4186932052406471
a406c3de,0.4093205665715515
a4378880,-0.3494410762074774
a4734d1f,0.960917982250507
a483a9d1,2.999999915682477
a493359d,1.6944443224423562
a4a1cb26,0.19753510369139168
a4d4eec4,0.8845421622241096
a4de70e9,2.715276766295918
a504c8b4,0.7021180180278279
a505ad5a,2.9999999409114717
a50e6ad1,1.01366446383997
a51684f3,2.99999991422315
a5515faa,0.7516861523977548
a563a111,2.9999999369219927
a582175e,0.7555535292633969
a5c4a9e9,2.999999914469645
a5dc47cb,0.854632581502226
a5e6cb1e,2.99999994250001
a5f5e2b7,-0.39379580148475524
a5fe253c,2.99999990207719
a60eb15e,2.9999999271223237
a651b86d,2.9999999073941956
a66b34b8,2.0973417528204714
a673da9a,0.7161626728236545
a6801cda,2.999999917769523
a69b7b55,2.9999999156267028
a6a9b9a6,2.99999992607271
a6d58bc4,2.9999999444759395
a6dc9c44,-0.20051191157726717
a6de4c4f,-0.9082220470847395
a6ec8ebc,-0.7372626797460374
a71c2678,-0.7050063823621818
a72ee48b,-0.09756118697172537
a741ff40,0.24609187556032822
a74276ed,0.3799963204096717
a7552c25,2.999999907439154
a7591162,2.9999999486761544
a7738d36,0.7108249733588649
a7a95e8f,0.29362848827664745
a7ce33b9,1.933056819092507
a8071476,-0.48717556737227447
a80e03f6,1.6983218418769341
a80f5a50,-0.8997374753126599
a8266ec6,2.998957130687696
a837068e,-0.026454632562634545
a878afb9,0.30543565680128365
a8a101a4,2.9999999236956976
a8a2cc85,2.999999942234294
a8abe74d,0.30342810914369234
a8dd774a,0.40717318015991716
a8fbcbd4,2.999999903742568
a8fe7053,2.9999999358652696
a8ff15bd,2.1597767183276924
a917535b,1.3641089199505096
a91f1d7d,1.2538192798865009
a92591a8,1.3839781448671633
a9698d7a,1.318688138359472
a9c6f7ec,2.999999935852735
a9cc69c1,2.999999937821716
a9cd3067,0.5117364101943753
a9d94e0a,-0.15271757594142765
a9e4951b,2.999999940606783
a9ef5290,-1.5361611862840914
a9f56cb9,0.4690179036654969
a9f7bcb2,-1.1986670737811478
aa48bdaf,2.9999999356096896
aa5821e3,2.999999934334523
aa6ae310,2.9999999184934723
aa8935d1,0.14531783587553668
aaa8c52d,1.3438938899271893
aab8ce0a,2.9999999167429747
aae69e9f,0.3081703790184974
aae7c739,1.212324897351502
ab25ad0e,-0.8583958846659959
ab2f3323,1.0740057580247178
ab4866ce,-0.8061492905749732
ab530141,-0.7633067170905582
ab7aa43d,2.99999990389659
ab8ad798,2.84534827242538
ab9205f2,0.3162277417367526
aba88927,2.9999999231069077
abb82923,2.9999998569695348
abd5e2e3,0.9376670351956802
abe9d8ee,1.0948451935294456
ac176024,1.2564064128637507
ac25a2d7,0.48071149272514263
ac34673d,0.8245037594132609
ac3ec558,0.8361898371581898
ac42f73a,0.39980264523456804
acb2849f,2.999999929874496
acc54d3e,2.999999934663934
acd5ed3a,-0.06618758387817018
acffc1eb,0.9822588703526587
ad072709,0.9345214853286813
ad17870d,2.9999999312945933
ad35e5fa,2.368796149994253
ad683cc2,2.999999914946508
ad809d0d,1.7250666333770348
ad8b5a86,-1.0357389742894199
add50a13,2.9999999098067063
ade4f1c8,1.1140932269736732
ae044963,1.9169880503173695
ae0d62ab,2.9999999265330737
ae1f12a4,1.53528783904649
ae2617dc,2.31379289016451
ae3d7053,-0.6717517437731498
ae4855b1,2.999999929896421
ae4c71e3,2.999999907439154
ae7a9742,2.545363685900752
ae829689,1.9185972161507283
ae895102,0.735901044956501
aea0f47e,-0.14582518975832248
aec5c11d,2.9999999233499506
aee35c25,0.8288553093567395
aeef5d49,2.9999999070678225
aef43ac6,2.9999999290529114
af156ba0,1.0928778601750684
af27a953,2.99999992152231
af2d377e,2.9999999286880654
af3650f1,1.0178346819391864
af629e49,-0.022413100196674404
af6ad06f,-0.1945374006614705
af92d1a4,1.734900751996472
af93b44a,2.999999914352958
afb0b353,-1.834858074267708
afb8fd75,-0.7965522270268935
afcf089c,2.140989174973563
afdd7893,0.8871607194940202
afff1a64,-0.45110839888602094
AFG,1.1435705650929353
AGO,2.862731326674133
ALB,2.9999999092391842
AND,1.9061749790573401
ARE,2.999999915434026
ARG,2.040023667988255
ARM,2.9999999185076054
ATG,1.9407359714692745
AUS,1.7542136712209784
AUT,2.999999907439154
AZE,2.999999907439154
b0042c3c,0.41771609704104323
b00c621a,1.525551525645043
b03ea0e9,2.9999999046479893
b072bc3b,1.1541908344289522
b0a1f4cf,0.4959286782945976
b0d60126,-0.2177301821383969
b0d75880,2.999999918112683
b0ddc6ad,2.999999916878084
b0ec8df3,-0.47144078668773726
b0ee5df8,1.392102429075181
b0f463d1,0.5987622778360354
b0ffa45a,2.9999999274349474
b1146b11,0.09710886181189068
b11532b7,0.5709603884723122
b11c2537,0.18182132267276277
b12c37cf,0.8651825478794039
b15db4e3,1.366318201925168
b1b0d60c,2.9999999289108192
b1b9fdc4,1.0379569258211945
b1ce082d,1.8357720490345382
b1e424fc,2.999999922553084
b1e54112,0.9199122243197346
b2340262,1.466386610298206
b261957c,0.24868191086346306
b28934b3,2.9999999231764742
b291e6d9,0.9345080782459343
b2a31862,1.231752835824188
b2ced3a2,1.4847038711083245
b31ec99a,2.9999999323219533
b34310a2,2.9999999262447483
b3538cee,2.99999992550117
b371d251,2.9999999078948774
b3a3ff4b,0.4518810302849034
b3fdafde,-0.44727846937635996
b41c1648,2.9999999317406405
b42ed4bb,2.9999999081885838
b4573028,2.9999999065257494
b4906bc7,-0.8570016418443296
b49bac4c,0.031239550778758205
b4ce3b52,1.610334909817533
b4e41783,1.4214234780470651
b50c5165,0.8907532378477719
b5117c04,2.9999999171060128
b53hd720,2.999999907439154
b542c632,2.999999907439154
b5a9b5de,0.32502619883086137
b5b84c7c,-1.5771699221320303
b5e4f0aa,2.9999999157668253
b62d61b0,-0.06371734691888785
b636063f,0.39065282342109214
b6372115,2.999999907439154
b671e12e,0.207495848887431
b688850b,1.0389991832306216
b689e0e5,0.8830042767114322
b6a3cc34,2.9999999323149567
b6ab8212,0.16252158651699036
b6c649d2,0.6066470019366944
b6d439dd,2.99999994037705
b6dd1215,2.7117767844001865
b6e42b25,2.7993003718343457
b70423e5,1.3352453401223354
b73d269d,0.09010599581694706
b75364f0,2.9999999060422784
b759fadd,0.3929249365517435
b761a603,2.9999999266466117
b7926043,2.6034311329573896
b7bbc53f,-1.999999942794251
b7cc30d6,2.999999943091266
b7def05c,-0.3404912482037217
b7ef0b87,0.34873494381375064
b7f46c08,2.2619014608009773
b8052fc2,2.999999921480179
b80fb1ef,1.100626070622996
b81dc1e0,0.3360769001859757
b8274d35,2.9999999058287674
b85268d7,-0.22408035491744357
b8700a20,-0.7839806777368837
b872da2b,0.18628149983221376
b89a7be4,-0.11445966323948996
b8a2273a,-0.3233446537681159
b8a37e9c,-0.6726027885730487
b8a4b9d3,2.99999990483631
b8a8b917,0.1674019196162489
b8ec950c,0.9627904784080336
b905786e,0.8202472186631509
b91568ef,0.6893120264808102
b92fe43a,2.9999999460845923
b93483b5,2.9999999125790997
b9370a18,2.999999913034756
b95811d3,0.11880966653079662
b96114ab,2.9999999292124326
b96ad320,-0.2218606252241729
b9b0b01c,1.1180776919721795
b9dfabd7,2.999999925455295
b9e6aeaf,-0.5592310554601827
b9fdc920,-0.5833288598429364
ba417dd8,1.7209229109441142
ba4aba53,1.5996078742558484
ba4be3f5,-0.5443018051523686
ba9350c2,-0.82675575688548
baa21b9c,2.999999931754723
bae2006a,2.999999907439154
bae5c0c5,-0.04037580035981528
bb513af5,-0.5595163787895535
bb6071ab,1.0190372000647334
bb723dec,2.99999993429658
bb789f89,1.2077103812349255
bb8317ef,-0.20937573148831398
bb88d064,2.99999992798604
bbf4de4e,-1.0031327769689766
bc155b90,1.4146785138572109
bc789050,1.9833406476113171
bc88dfbd,-0.2822407426181549
bc93b832,2.999999908366706
bca05deb,2.4010609291633678
bcdf98a8,0.09434109437385124
bceed3f6,2.9999999185986774
bcfdfa5f,2.999999915034564
bd051cbd,2.9999999318575643
bd1df29f,-0.8518968638957328
bd277e4a,0.5529878104738376
bd2cb9c1,0.5944170630799033
bd6f119a,2.99999994787789
bd8804dc,2.999999929135408
bd989890,2.9999999265385573
bdbafa67,2.999999944874709
bdcfdf85,1.4260857797727082
be071739,-0.037808046968830084
be35d5ca,-0.4491678054526402
be5947ac,0.35498164694378365
be5ace01,2.9999993463186096
be68bc77,1.1622379498140527
be8b6ab6,1.610473487315888
beb26fce,-0.17962553095377037
BEL,2.999999907439154
BEN,-0.9027728008491418
bf1f1e32,1.7833218212799737
bf4a892c,1.082420186743995
bf68ebdb,1.4087333653352054
bf7005f9,1.4739000365734902
bf804a14,0.7612041916826873
bf9b2d9b,0.42726182497929305
BFA,0.775121472668901
bfc57d0e,-0.38458850048303095
bfc7ad05,0.315703644115907
bfceba85,1.7977520424956563
bff7bffd,-1.7808356595298795
BGD,2.999999907439154
BGR,2.537815702671491
BHR,2.999999914715362
BHS,-0.2127684278923581
BIH,1.4983877076684495
BLR,2.999999907439154
BLZ,0.8206264726641996
BOL,1.9713076069268596
BRA,1.71579933230849
BRB,2.999999906254924
c072e8f8,1.3415831776840568
c0812eb8,0.9416880342360631
c0b82bc0,1.586572139408638
c134b166,2.999999924589422
c143448f,2.9999999245234372
c17a41f7,2.9999999270740774
c18a0e1a,2.4611744732255882
c1916995,0.6957650021464854
c1a86ced,0.6848020658856522
c229681f,1.7674491956791156
c23d7d69,2.999999900890609
c25a2884,2.9999999321957684
c262745a,1.4558812986435075
c2804bb8,-0.2023414898391778
c2b05940,0.04301579410948804
c2b2894b,-0.8384485840941618
c2c57ca2,0.6153169276679377
c32d3a44,-0.11379197256453612
c335d466,2.999999922156559
c33d9a40,2.9999999185937103
c342218f,-0.6282149340062543
c39842b3,2.9999999434171145
c39fa5f2,0.0636331108000368
c3a01e6d,2.9999999158762427
c3aa8040,0.6743223685397308
c3e7f97c,0.44612121919463293
c3ff175e,2.999999918975261
c41d2765,-0.09198698083963905
c42fe596,0.6281130367176346
c440fe5d,0.7376610452601448
c458107f,2.9999999060628695
c492d347,1.4381268794754956
c4a85f92,-0.16582008997371078
c4ba2f9d,2.99999993167979
c4c59452,-1.346711578357186
c5052e6e,0.58925172949767
c5259c92,1.1549557639122507
c537ec9d,1.1829819614469033
c572db87,2.241887481963614
c57845aa,1.7936875772328418
c59a7a48,2.9999999417335457
c5a8b8bb,0.07399059048119218
c5d5d37f,0.1247171455758583
c5df4d52,-1.0075284052476907
c61785ee,2.9999999138773505
c62d5d59,2.806297020804707
c62e8096,2.999999937758896
c6488cdd,-0.33198945940043434
c653eb52,0.7420872677657961
c659757f,1.9753551601611505
c67189a5,2.9999999331254057
c6e7ca03,2.999999935761256
c6fcad8c,0.8374069092738087
c73d4e16,2.0916223104893445
c758cbf0,2.99999992765423
c761ce88,2.9999999321139734
c78ae6ea,-0.26960155285069626
c795f42f,1.828692640946511
c7eceaa1,2.9999999265542967
c82e323e,0.4876817649272055
c87ba520,2.999999925968897
c8886360,1.8631582563305749
c89304ef,0.9510990801025413
c8aa0197,0.9019672179500168
c904f9c6,2.9999999270465936
c93dfcbe,-0.37482100377039357
c94911d9,0.9674212911680661
c9516ed8,0.9976128974113316
c96be20d,2.3945187494243427
c97b4209,-0.031822922200283724
c9813b4b,2.9999999367556778
c98343c2,0.6012214229171305
c98834cc,1.257109299132136
c9ba46ba,1.9202753289920722
c9ec5809,2.999999915793901
ca165246,-0.2203368067593495
ca2490b5,2.999999920645883
ca2e0e98,-1.248611919363224
ca61a7af,2.053029186999269
ca73d7a0,1.4802346455919546
cac47f5c,-0.49107986187304187
cacc317a,-0.5970444603676591
caee538d,0.6429526747683242
CAF,-0.3726768258022103
CAN,2.208324174469056
cb0e5b4d,0.09876457857236952
cb41f27a,2.9999999404627484
cb79aea4,1.4590738311401137
cba3cd98,2.3083996091731995
cbaae650,2.0175965471595774
cbd43871,2.9999999193703055
cbdc7657,-1.1515963335897612
cbe6fa82,1.6361974070298684
cbfe14a0,0.6975578807222524
cbff714e,-0.12064579552514933
cc26a84e,-0.6779303450299257
cc5bc38a,-1.0994428783632888
cc639f54,2.5651186802742343
cc6bd172,-0.45350123810935494
cc8b3e9b,1.558577259066513
cc92b557,0.5909299622807341
cc93d0b9,1.3127222174306992
ccbcc045,2.999999939269801
ccc72249,1.1605510637670675
ccce0981,2.9999999194558584
ccfccb72,1.7564594439360441
cd0c63b6,0.8098358527325904
cd4954ac,2.9999999470449756
cd7b965f,1.51909365979687
cd99a9bd,0.580979187812609
cda1f563,0.6956424228989478
cda9bb45,-0.08885075578618411
ce062614,2.999999928311735
ce168610,1.429448425703544
ce3caac1,-0.12126084299659136
ce5038a7,-1.855978245304544
ce819c10,1.9231530289300363
cea960ca,2.999999921020026
cec36ded,-0.3161951449746257
ced40b0e,1.2853466384681578
cee5f0d5,-0.8590912167971534
ceee87db,0.8266984689452942
cefe27df,2.9999999230369028
cf166139,2.4050638965195565
cf925290,0.8032792485237424
cfc7c58e,1.0750084022462683
cffec0f6,0.577838680246608
CHE,2.999999907439154
CHL,1.5601975067225489
CHN,0.6828157402793649
CIV,2.2740293921369155
CMR,-1.6001652803182735
COD,-0.5095733041597714
COG,-1.999999942794251
COL,2.999999907439154
COM,0.8605506960301924
CPV,2.999999931365456
CRI,2.999999907439154
CUB,2.999999945121257
CYP,1.3069579155046047
CZE,2.6524618732744534
d026cdff,1.284284726182089
d04211bf,2.3218193765680715
d04a5f99,-0.026187184508714316
d0522098,1.5370803997353202
d093058d,0.10014631987171532
d0a177fb,2.9999999394747947
d0a2fe56,2.9999999328343248
d0aab070,2.571789915781064
d135037f,0.9886378427008933
d1609461,1.816722086152651
d177e539,2.9999999187913335
d18835ae,1.1414450416425508
d1935221,1.1467867368704416
d1a2197f,2.9999999464666907
d1b130d6,1.544796740282646
d2156a0c,-0.9324480526025546
d25ac33b,2.999999937752992
d28a3e2a,2.0834148104443306
d2b1d711,2.9999999077196895
d2cf0930,-0.18009235122229664
d2ddf42c,2.7900102980803174
d2e4400f,2.999999946268057
d2e525e1,1.1356375049796277
d2fdcbc3,0.8655051956961173
d3052d21,2.9999999165016815
d30d6307,2.9999999163865443
d33fa1f4,2.9999999237243973
d373bd26,0.23375264271913349
d37a96ee,-0.17425324378480014
d3923721,-0.29750807950454156
d398a90c,2.9999999411613163
d3d7003b,0.48738443994607017
d3e5c2c8,0.6611913725658182
d3f562cc,1.9570229924032851
d41752f7,0.4565505836691736
d41e793f,2.9999999361163554
d45265ed,2.9999999219903644
d460a71e,2.999999907467692
d48298fc,-0.13970146279333917
d4b28a04,-1.0854412924490096
d540f2cb,0.02603609160672697
d570e033,-0.5988359622717874
d578ae15,-0.05747472968508718
d588e1f8,0.2797843878748781
d5898416,2.999998385234906
d5900fda,2.9999999460268314
d5a2cd29,2.5733244407633853
d5d538c0,2.9999999359218137
d5dc1308,0.593930844497834
d5e7fa33,1.780180898382156
d60d5078,1.4230927256270953
d6dcf4cf,2.999999946896227
d6e5f1b7,0.5804952980007378
d70db751,0.5560634109014059
d71d1755,0.9151112089675684
d7279b80,0.9463308611762741
d74b09e6,-1.0920284330438992
d7720c9e,2.299500214185367
d79aad51,1.9882607977813318
d7b2518b,1.3909434844606985
d7c77469,2.9999999162522415
d7cf3a4f,-0.14875637151492138
d7f5b69a,1.2566920344064305
d7fec194,0.23608832305727528
d82f8027,1.3493358044380335
d85875ce,2.8019715443266864
d86170b6,1.602437764188276
d88a58d4,0.31207403299418146
d94bbb4e,2.9999999185154254
d969d9b9,0.3718588916973892
d99081d4,2.4563587618680778
d99a1ff9,0.7054057694173982
d9a31a81,2.999999912255513
d9d63f63,2.999999924541141
d9e46cb3,1.0779042045064444
da1469f2,-0.438478353510607
da360b05,0.1535255526198192
da5910ce,-0.2836588980764362
da8373f2,1.143771581592696
dab1b101,0.09626461554771146
dabb2f2c,1.289374437601225
dac644e8,2.999999920189685
dadeaaca,2.999999327464774
db042edf,2.262576683897153
db264c28,1.46101143222547
db73db36,2.999999903134763
db79451b,2.999999917986113
db94d39e,2.662032972460993
db9b7af9,0.9619799736405017
dbab6801,0.25956696242142485
dbd4d3ce,1.3744302659418053
dbec8f10,2.9999999264663453
dc1e1f2f,1.4767224294993688
dc3eadd3,2.9999999136855076
dc4b8831,2.9999999121828065
dc536613,-0.21002046817073022
dc6374eb,2.999999931364732
dc7104e4,-0.06219610171704154
dcb389fa,1.6263373373724577
dccee23e,0.714754844970897
dcf6bee0,2.9999999159422237
dd061624,-1.5800105447292752
dd0c8809,-0.5419060420897469
dd34d4d7,-0.45093123362593274
dd43213e,2.99999991699028
dd5bcf1c,2.9999999162865265
dd89e206,2.280753368865203
dda11edc,2.9999999360425385
ddb36ed3,2.9999999165589464
dddc7518,-0.4392440996114254
de041da0,-0.3818904148331443
de1cf382,0.09915449336087044
de43fab1,0.37156133166605926
de91d7ab,2.9999999090225478
decede98,0.7913112490133406
deecbc6f,-0.6799069278311338
def7dbe0,1.4644609233978116
DEU,2.999999907439154
df0cb4af,1.7456405504886725
df35b1d7,1.806194816756539
df41891f,2.5845241138203536
df42443e,2.9999997935740117
df53bd9c,0.911810887348442
df6ab8e4,0.7190288884757037
dfe79ccd,0.9060248540238058
dffcfb42,0.21838263511635944
DJI,0.36956899445442937
DNK,2.5990103639314137
DOM,1.6450228486844292
DZA,2.999999907439154
e01243d0,-0.7690929183771926
e023088e,2.999999922960073
e02b46a8,-0.47371037398586563
e054fd67,-0.38552436558601755
e06aeb57,2.999999905347563
e06ca1b9,2.999999926935594
e087b593,2.9999999300787
e08d537a,2.8200583128016645
e08e9e5b,1.0882549027620771
e0c06eca,-0.005491422955156515
e0d2228d,2.9999999034586886
e0d34763,2.999999928458711
e0f96bb2,1.9019183195637526
e10204fd,0.5078502053997673
e109c376,2.99999992070079
e1334fa3,-0.42620862311901925
e13b0185,2.9999995674743247
e145dfa4,0.6550131741962878
e14cf46c,2.9999999270598385
e15e8463,1.2173304800205944
e1d029e7,-0.044862394843635245
e1e162b9,0.23570854336145033
e1e92c9f,-0.07452756460647045
e228f3a3,2.9999999467829683
e229aa05,1.4990746001952377
e25611ca,2.9999999179085597
e27c3d1b,0.16195739835368647
e2949cd4,-0.04573929999896221
e2a5670f,1.3758733999630581
e2c10bca,2.9999999359157803
e30361fd,1.0967546107734847
e309aefb,2.7830831222853045
e356f6e3,2.9999999196282454
e38c95df,2.9999999116126834
e3be572c,1.3930175940010736
e43b32fa,1.11111647649625
e46ea5e4,1.3315278936941561
e4c07903,1.2566821736401865
e4e151c6,1.9988786589071708
e511f902,-0.7079026786852214
e5accfd3,2.9999999351045092
e5c8a316,2.9999999267283775
e5d211f2,0.6540208268706974
e5d3741c,2.999999930021804
e5f116eb,2.5974356701926458
e61d6191,1.7947589672135624
e6213075,2.999999921296947
e6281bbd,2.9999999206833516
e656c59c,1.8459987328438865
e65e8bba,-0.09855863110083193
e664076f,2.3034095593368096
e66fc0e4,1.5091647150342689
e684e886,0.14155305330360254
e6b4fa7e,0.3440828090260291
e6bdedfe,1.2652546027238625
e6cf0efb,0.7658426858298042
e70bfb8d,-0.7394551428720411
e739397e,1.008287192199224
e74682b1,-1.5371569855599996
e74ecc97,-1.054866395404656
e7769049,-0.5693607814518242
e794afab,2.0308981416731764
e79ce18d,2.999999922704027
e7adaad3,2.9999999138224696
e7be837a,0.5367955706759616
e7bfe694,1.1036710755581027
e7e35a42,2.99999993151594
e7ea718a,1.4021438118306524
e85b4aac,2.9999999481707524
e85db0bf,0.022467205563808643
e85f60b4,2.999999918615981
e86665cc,-0.327653500009185
e86f724c,1.56173074880417
e88d4dae,0.8574930165806575
e8b448d6,0.8758119694687807
e8b51170,1.4053173898400764
e8d2449d,1.1304770230883288
e8f0266a,1.2887181586777345
e9102eaa,1.6454081089930164
e9292bd2,0.1856282490397972
e9324c5d,0.9531677126060136
e945b9b4,0.9656306909579331
e97622e1,2.692652858281491
e99fda88,0.22932854599515962
e9c203b0,1.8133244615487372
ea2439b4,-0.18243776310177062
ea4ffc16,1.0854194424467
ea571234,0.31840996332671445
ea853f2e,-0.8160244180965188
eb5fbb3b,0.32047812984806695
eb957803,2.242280943483654
eb9ebf88,1.282545049893628
eb9fe62e,-1.0538981231138376
ebe05de1,0.7767998762640012
ec327f22,1.7446800666142606
ec763ad9,2.1134433402622617
eca7b529,1.06725284335296
ecf37b91,1.2802083223044896
ecf8bc1a,1.2759974864065928
ECU,0.23375332569059268
ed65df1e,2.9999999229603476
ed79e985,1.7330189819503818
ed87f3fd,2.490574071960209
ede33cbc,1.2355815650367736
edfed7eb,2.3125520056738473
ee08cf51,2.9999999017677124
ee287dad,-0.7480411281647059
ee2aada6,-1.658578841785659
ee551669,2.9999999397888617
ee7deab3,2.9999999162759945
eec0dc62,0.8967037409514104
eef21e91,0.19416086054779413
ef02b655,0.46565661009786863
ef368eb5,1.8642741737268578
ef3aea8b,-0.42849580392831993
ef4fcf69,-0.7739487200421598
ef6dad9e,0.5110100107033103
ef7543bc,2.999999919454284
ef7e2f14,0.6868146673064265
ef850c51,1.7103527170215447
efea179a,-0.32008303403009525
EGY,2.999999907439154
ESP,0.21945644485557841
EST,2.999999907620104
ETH,1.9227858709696437
f00b1feb,1.3132414003887671
f0321a93,-0.23495633533428448
f05416d8,1.2100879012475443
f05e88f5,0.5314807053427189
f0863bc2,-0.21005232874847626
f0bf3eba,0.05194767930846903
f0c1dcd3,2.9999999454387583
f0f31e20,0.5048743420412615
f0f9800d,0.7856947782785277
f10fb788,0.1254733193057197
f14451f5,-0.39899869175525343
f14681fe,-1.22078019523301
f174430d,-0.06870949692175904
f1967cef,0.9959350492342092
f19ce2c2,0.9176852330732989
f1af7997,2.3248007450818786
f1c975dc,2.999999933728342
f266e88d,2.9999999274149416
f284d76f,1.1742743102193784
f28e4942,2.9999999214207564
f2c93f70,2.999999907439154
f34c2375,1.1076868443289822
f421e76c,0.18461349791071477
f47eee5f,0.42128309092189314
f50b2c94,2.9999999392329824
f5294e63,1.9540416121255109
f531a041,2.9999999256286602
f576de02,2.999999903560951
f5e84ad0,0.4637185061160508
f6198714,2.9999998533135406
f621dbca,2.1135177577408557
f62b45e7,-0.057178914045831745
f654fe28,-0.6972443461259019
f66e72fd,2.9999999462383355
f686d332,2.999999933309385
f68c4d1f,2.9999999173102765
f69e3d10,-0.45056861444744806
f6a4b1c5,0.6844929104638923
f6c3e428,0.09363666614054827
f6f126db,-0.35662567895890285
f713fe10,0.27637010150672753
f7319ce7,0.5045728425690174
f7334cec,0.48980425158833085
f75fde8a,0.5908570772435824
f766dbf2,1.6981190034011817
f7ac18ca,2.999999940487788
f7e92fd0,0.19137085120250466
f812f237,2.9999999176276027
f81935bc,2.9999999249193374
f82030c4,2.999999933767902
f8287ee2,0.02034134249320685
f845b522,0.4526022457074671
f857c52d,2.9999999361884897
f867d7d5,-0.3939749132188797
f8b5facf,2.999999932378357
f8cb18a6,0.2829365708793451
f8d02e17,2.999999928396265
f8f21dde,-0.8971161057675194
f8fa53f8,-1.0956267545158744
f9097291,1.2963806143349579
f93077e9,-1.4246854265208229
f93839cf,-0.42669334592074376
f94fcc26,0.20001745797205114
f971e63d,1.855533749230598
f976b7d2,2.999999907439154
f97790f8,0.9787999425154966
f99c84d2,0.7919460317921017
f9c87622,0.5790353074203939
f9e25af3,1.6235757687289456
f9ea14d5,2.9999999249103677
fa1850bc,1.989175606544067
fa4dc7a2,-1.8304320875564006
fa97a49e,2.999999935131367
fa9feab8,1.1459259205650714
faa5666d,0.336087951504056
fb33c2e2,2.0190043603595944
fb395ccf,0.9393018428399855
fb4d208b,2.9999997429431073
fb5d808f,2.3150802374047212
fb670c5a,2.1714826934986706
fb87e3b3,2.4233950817584047
fb8fad95,1.8262460749007443
fb98cb76,1.132884584849128
fba58144,2.9999999241671382
fbb52140,0.753231143345338
fbda3a8b,0.9163984782660962
fc20e492,1.325335012654371
fc304496,2.999999939072458
fc5498d6,-1.6592629248458077
fc9f0248,0.22778951860250943
fcc8455d,2.996877453160096
fcd8e559,0.00857550449518363
fce2698c,1.794090394687591
fcea27aa,1.940906026415871
fd2003bb,1.5264810694561393
fd58ab86,1.7051336226926241
fd7594a5,2.1059056203094766
fdc8a274,-0.02921438890026664
fe10cacc,0.9165762976255377
fe55fdd6,1.2507516618684515
fe5db3f0,0.1459080845331178
fe64b688,-1.1935061366459205
fe6da108,0.05488233833253356
fe6f7103,-1.4144975884302964
fe8f9eea,2.9577694485151955
fea5b23b,0.9316080671221773
fef140cb,1.015115895813531
fef86b03,1.2607090892844104
ff3a0134,2.999999922409709
ff4df4dd,2.07768971499603
ff74f1a5,2.9999999187167004
ff7f362e,2.8574675260363995
ff9797e1,0.45721276876068473
ff9fd9c7,0.5383358566222937
ffa55512,2.507184682328891
FIN,0.5570492837911478
FRA,1.8768330480077304
GBR,2.9777342844381973
GEO,2.999999907439154
GHA,-0.7181400951069747
GIN,2.999999916005085
GMB,-0.021147063807219747
GNB,-0.8200270937724843
GRC,2.999999907439154
GTM,1.8751466586400563
GUM,1.956457829597571
GUY,2.9999999194640607
HND,0.8156506390571042
HRV,2.999999907439154
HTI,0.6833324951591941
HUN,2.999999907439154
IDN,2.8046544870586785
IND,2.999999907439154
IRL,1.591045213566564
IRN,2.999999907439154
IRQ,2.999999907439154
ISL,-0.4877780574506082
ISR,2.8130827250193327
ITA,2.9040023027675335
JAM,2.225993305873569
JOR,2.999999907439154
JPN,2.1706975652834712
KAZ,-0.9852457403883359
KEN,1.6119703408229276
KGZ,0.4308971554977584
KOR,2.9999999033617994
KWT,2.9999999114585973
LBN,2.1478142703987695
LBR,-0.353255913793418
LBY,1.7423131360315995
LCA,0.503109568055117
LIE,2.99999991955406
LKA,2.6220547725477794
LSO,-0.6219427906197467
LTU,2.999999907439154
LUX,1.9538765433602088
LVA,2.0055392562333085
MAR,2.999999907439154
MDA,2.999999910929118
MDG,0.5826749385082372
MDV,2.9999999404402393
MEX,1.6682912232307794
MKD,2.9999999036154055
MLI,1.9557757617233735
MLT,2.999999940247625
MMR,2.999999907439154
MNE,2.6261694168400282
MOZ,1.5499348717230945
MRT,2.9999999120598444
MWI,0.9806480458673418
MYS,2.112148920025515
NAM,1.9801519268536127
NER,1.6836992621164726
NGA,1.3041002583942254
NLD,2.9521559840233014
NOR,0.37538445854732994
NPL,2.9999999145825886
NZL,0.5267642999265878
OMN,0.8027903235122485
PAK,1.5283305957013174
PAN,2.999999907439154
PER,1.6688077904215546
PHL,0.7583697526218995
POL,2.037339071744253
PRI,1.718295869794487
PRT,2.999999907439154
PRY,2.999999907439154
PSE,2.9999999336759426
QAT,2.9999999347342188
RKS,0.9425678985829564
ROU,2.999999907439154
RUS,2.999999907439154
RWA,2.9999999293995376
SAU,2.999999907439154
SDN,-0.8683737701706752
SEN,2.999999905476958
SGP,2.9999999310451777
SLE,1.1376594770601052
SLV,2.999999907439154
SMR,0.5385225529557117
SOM,-0.32246140465480533
SRB,2.999999907439154
SSD,-0.7146384027695687
SVK,1.0933222203884343
SVN,1.9608699961327978
SWE,2.999999907439154
SWZ,1.5376526654783393
SYR,2.9999999254971588
TCD,0.8236080274828668
TGO,2.9999999446915004
THA,2.9999999203908323
TJK,2.4170443125653676
TTO,2.6439199521578236
TUN,0.3249270257669531
TUR,2.999999907439154
UGA,0.14889733751859585
UKR,2.999999907439154
URY,2.9999999207173356
USA,2.999999907439154
UZB,2.9999999189903863
VEN,2.999999907439154
VIR,2.9999999276876985
YEM,0.5515388395500698
ZAF,1.4795589000470126
ZMB,-0.06349410771309774
ZWE,0.6413413968190244
